{
  "project_info": {
    "project_number": "406413685855",
    "firebase_url": "https://fire-2f7b0.firebaseio.com",
    "project_id": "fire-2f7b0",
    "storage_bucket": "fire-2f7b0.appspot.com"
  },
  "client": [
    {
      "client_info": {
        "mobilesdk_app_id": "1:406413685855:android:9ceb7d9e6eb00335",
        "android_client_info": {
          "package_name": "com.example.aca.login"
        }
      },
      "oauth_client": [
        {
          "client_id": "406413685855-33rg2fk84lr4snfms4qbld3jqpr8sale.apps.googleusercontent.com",
          "client_type": 1,
          "android_info": {
            "package_name": "com.example.aca.login",
            "certificate_hash": "e5a8243e036d2f7b0ca0b4b4cd117b67a2b36a20"
          }
        },
        {
          "client_id": "406413685855-ubdj8ojj9a3g56i8l10j0tr2pjgetqjm.apps.googleusercontent.com",
          "client_type": 3
        }
      ],
      "api_key": [
        {
          "current_key": "AIzaSyDs8FnEzR0Ev8VSKT1Xz4RrMySirbj9N68"
        }
      ],
      "services": {
        "analytics_service": {
          "status": 1
        },
        "appinvite_service": {
          "status": 2,
          "other_platform_oauth_client": [
            {
              "client_id": "406413685855-ubdj8ojj9a3g56i8l10j0tr2pjgetqjm.apps.googleusercontent.com",
              "client_type": 3
            }
          ]
        },
        "ads_service": {
          "status": 2
        }
      }
    }
  ],
  "configuration_version": "1"
}